<?xml version="1.0" encoding="UTF-8"?>
<project-private xmlns="http://www.netbeans.org/ns/project-private/1">
    <editor-bookmarks xmlns="http://www.netbeans.org/ns/editor-bookmarks/2" lastBookmarkId="0"/>
    <open-files xmlns="http://www.netbeans.org/ns/projectui-open-files/2">
        <group>
            <file>file:/C:/Users/boovaragan/Documents/NetBeansProjects/WATCH/web/watches.jsp</file>
            <file>file:/C:/Users/boovaragan/Documents/NetBeansProjects/WATCH/web/Login.jsp</file>
            <file>file:/C:/Users/boovaragan/Documents/NetBeansProjects/WATCH/src/java/com/view/SessionServlet.java</file>
            <file>file:/C:/Users/boovaragan/Documents/NetBeansProjects/WATCH/src/java/com/view/logout.java</file>
            <file>file:/C:/Users/boovaragan/Documents/NetBeansProjects/WATCH/web/placeorder.jsp</file>
            <file>file:/C:/Users/boovaragan/Documents/NetBeansProjects/WATCH/web/footer.jsp</file>
            <file>file:/C:/Users/boovaragan/Documents/NetBeansProjects/WATCH/src/java/com/view/Registrationdao.java</file>
            <file>file:/C:/Users/boovaragan/Documents/NetBeansProjects/WATCH/web/details.jsp</file>
            <file>file:/C:/Users/boovaragan/Documents/NetBeansProjects/WATCH/web/Registration.jsp</file>
        </group>
    </open-files>
</project-private>
